INSERT INTO organizations (id, name, slug)
VALUES ('11111111-1111-1111-1111-111111111111', 'Verin Workspace', 'verin')
ON CONFLICT (id) DO NOTHING;

INSERT INTO permissions (id, key, description)
VALUES
  ('20000000-0000-0000-0000-000000000001', 'documents.read', 'Read documents'),
  ('20000000-0000-0000-0000-000000000002', 'documents.write', 'Create and update documents'),
  ('20000000-0000-0000-0000-000000000003', 'documents.admin', 'Archive and restore documents'),
  ('20000000-0000-0000-0000-000000000004', 'audit.read', 'Read audit logs'),
  ('20000000-0000-0000-0000-000000000005', 'admin.manage', 'Manage users and settings')
ON CONFLICT (id) DO NOTHING;

INSERT INTO roles (id, org_id, key, name, description)
VALUES
  ('30000000-0000-0000-0000-000000000001', '11111111-1111-1111-1111-111111111111', 'admin', 'Admin', 'Full operational access'),
  ('30000000-0000-0000-0000-000000000002', '11111111-1111-1111-1111-111111111111', 'editor', 'Editor', 'Upload and manage collections'),
  ('30000000-0000-0000-0000-000000000003', '11111111-1111-1111-1111-111111111111', 'auditor', 'Auditor', 'Review audit and retention')
ON CONFLICT (org_id, key) DO NOTHING;

INSERT INTO role_permissions (role_id, permission_id)
VALUES
  ('30000000-0000-0000-0000-000000000001', '20000000-0000-0000-0000-000000000001'),
  ('30000000-0000-0000-0000-000000000001', '20000000-0000-0000-0000-000000000002'),
  ('30000000-0000-0000-0000-000000000001', '20000000-0000-0000-0000-000000000003'),
  ('30000000-0000-0000-0000-000000000001', '20000000-0000-0000-0000-000000000004'),
  ('30000000-0000-0000-0000-000000000001', '20000000-0000-0000-0000-000000000005'),
  ('30000000-0000-0000-0000-000000000002', '20000000-0000-0000-0000-000000000001'),
  ('30000000-0000-0000-0000-000000000002', '20000000-0000-0000-0000-000000000002'),
  ('30000000-0000-0000-0000-000000000003', '20000000-0000-0000-0000-000000000001'),
  ('30000000-0000-0000-0000-000000000003', '20000000-0000-0000-0000-000000000004')
ON CONFLICT DO NOTHING;

INSERT INTO users (id, org_id, email, full_name, password_hash, status)
VALUES
  ('40000000-0000-0000-0000-000000000001', '11111111-1111-1111-1111-111111111111', 'admin@verin.local', 'Asha Rao', '$argon2id$v=19$m=65536,t=3,p=2$dWIqVrq3w4bIKIl1vEiuNw$ZsDcsGof3ArnX/HRUhOHeNbVn7xqWK5PljtdRAwBwjQ', 'active'),
  ('40000000-0000-0000-0000-000000000002', '11111111-1111-1111-1111-111111111111', 'editor@verin.local', 'Milan Dutta', '$argon2id$v=19$m=65536,t=3,p=2$dWIqVrq3w4bIKIl1vEiuNw$ZsDcsGof3ArnX/HRUhOHeNbVn7xqWK5PljtdRAwBwjQ', 'active'),
  ('40000000-0000-0000-0000-000000000003', '11111111-1111-1111-1111-111111111111', 'auditor@verin.local', 'Leena Iyer', '$argon2id$v=19$m=65536,t=3,p=2$dWIqVrq3w4bIKIl1vEiuNw$ZsDcsGof3ArnX/HRUhOHeNbVn7xqWK5PljtdRAwBwjQ', 'active')
ON CONFLICT (id) DO NOTHING;

INSERT INTO user_roles (user_id, role_id)
VALUES
  ('40000000-0000-0000-0000-000000000001', '30000000-0000-0000-0000-000000000001'),
  ('40000000-0000-0000-0000-000000000002', '30000000-0000-0000-0000-000000000002'),
  ('40000000-0000-0000-0000-000000000003', '30000000-0000-0000-0000-000000000003')
ON CONFLICT DO NOTHING;

INSERT INTO collections (id, org_id, name, description, created_by)
VALUES
  ('50000000-0000-0000-0000-000000000001', '11111111-1111-1111-1111-111111111111', 'Operations', 'Daily operating documents', '40000000-0000-0000-0000-000000000001'),
  ('50000000-0000-0000-0000-000000000002', '11111111-1111-1111-1111-111111111111', 'Compliance', 'Controlled compliance records', '40000000-0000-0000-0000-000000000001')
ON CONFLICT (org_id, name) DO NOTHING;

INSERT INTO collection_members (collection_id, user_id, access_level)
VALUES
  ('50000000-0000-0000-0000-000000000001', '40000000-0000-0000-0000-000000000002', 'editor'),
  ('50000000-0000-0000-0000-000000000002', '40000000-0000-0000-0000-000000000003', 'viewer')
ON CONFLICT DO NOTHING;

INSERT INTO quotas (id, org_id, target_type, max_storage_bytes, max_document_count)
VALUES ('60000000-0000-0000-0000-000000000001', '11111111-1111-1111-1111-111111111111', 'org', 10737418240, 50000)
ON CONFLICT (org_id, target_type, target_id) DO NOTHING;

INSERT INTO retention_policies (id, org_id, name, applies_to_collection_id, retention_days, archive_after_days, delete_after_days, enabled)
VALUES
  ('70000000-0000-0000-0000-000000000001', '11111111-1111-1111-1111-111111111111', 'Operations default', '50000000-0000-0000-0000-000000000001', 365, 180, NULL, true),
  ('70000000-0000-0000-0000-000000000002', '11111111-1111-1111-1111-111111111111', 'Compliance hold', '50000000-0000-0000-0000-000000000002', 2555, NULL, NULL, true)
ON CONFLICT (id) DO NOTHING;

INSERT INTO system_settings (id, org_id, setting_key, setting_value)
VALUES
  ('80000000-0000-0000-0000-000000000001', '11111111-1111-1111-1111-111111111111', 'branding', '{"productName":"Verin DMS","accent":"slate"}'::jsonb)
ON CONFLICT (org_id, setting_key) DO NOTHING;
